src,alt
http://dsp114.com/img/11.jpg,
http://dsp114.com/WEBSILDESIGN/swf/WEBSILDESIGN.gif,
http://dsp114.com/WEBSILDESIGN/images/talk.jpg,카톡채널1:1채팅
http://dsp114.com/WEBSILDESIGN/images/left_02.gif,
http://dsp114.com/WEBSILDESIGN/images/left_03.gif,
http://dsp114.com/WEBSILDESIGN/images/left_05.gif,dsp1830@naver.com
http://dsp114.com/WEBSILDESIGN/images/left_06.gif,웹하드바로가기
http://dsp114.com/WEBSILDESIGN/images/left_07.gif,국민은행바로가기
http://dsp114.com/WEBSILDESIGN/images/left_08.gif,국민은행바로가기
http://dsp114.com/WEBSILDESIGN/images/left_09.gif,신한은행바로가기
http://dsp114.com/WEBSILDESIGN/images/left_10.gif,농협바로가기
http://dsp114.com/WEBSILDESIGN/images/card_01.gif,카드이용가능
http://dsp114.com/img/main_m10.jpg,
http://dsp114.com/img/main_m7.jpg,
http://dsp114.com/img/main_m2.jpg,
http://dsp114.com/img/main_m3.jpg,
http://dsp114.com/img/main_m8.jpg,
http://dsp114.com/img/main_m11.jpg,
http://dsp114.com/img/main_m5.jpg,
http://dsp114.com/img/main_m6.jpg,
http://dsp114.com/img/main_m1.jpg,
http://dsp114.com/img/slide-1.jpg,Slide 1
http://dsp114.com/img/slide-2.jpg,Slide 2
http://dsp114.com/img/slide-3.jpg,Slide 3
http://dsp114.com/img/slide-4.jpg,Slide 4
http://dsp114.com/img/slide-5.jpg,Slide 5
http://dsp114.com/img/slide-6.jpg,Slide 6
http://dsp114.com/img/slide-7.jpg,Slide 7
http://dsp114.com/img/arrow-prev.png,Arrow Prev
http://dsp114.com/img/arrow-next.png,Arrow Next
http://dsp114.com/WEBSILDESIGN/images/main_25.gif,
http://dsp114.com/img/12345.gif,
http://dsp114.com/img/button/sian.gif,
http://dsp114.com/WEBSILDESIGN/images/main_27.gif,
https://ssl.pstatic.net/static.talk/bizmember/banner/btn1_p_v2.png,두손상담창입니다! 궁금할땐 클릭하세요!
http://dsp114.com/WEBSILDESIGN/images/step.jpg,
http://dsp114.com/WEBSILDESIGN/images/main_20.gif,
http://dsp114.com/WEBSILDESIGN/images/bnr_iclickart.jpg,이미지찾으러가기
http://img1.kbstar.com/img/escrow/escrowcmark.gif,
http://dsp114.com/WEBSILDESIGN/images/main_31.gif,
http://dsp114.com/WEBSILDESIGN/images/main_32.gif,
http://dsp114.com/WEBSILDESIGN/images/main_35.gif,
http://dsp114.com/img/bottom_add.gif,
http://dsp114.com/img/33333.gif,
